<?xml version="1.0" encoding="UTF-8"?>
<project-private xmlns="http://www.netbeans.org/ns/project-private/1">
    <editor-bookmarks xmlns="http://www.netbeans.org/ns/editor-bookmarks/2" lastBookmarkId="0"/>
    <open-files xmlns="http://www.netbeans.org/ns/projectui-open-files/2">
        <group>
            <file>file:/C:/Users/20161bsi0390/Documents/NetBeansProjects/RevisaoOO_ComercioEletronico/src/revisaooo_comercioeletronico/RevisaoOO_ComercioEletronico.java</file>
            <file>file:/C:/Users/20161bsi0390/Documents/NetBeansProjects/RevisaoOO_ComercioEletronico/src/revisaooo_comercioeletronico/Produto.java</file>
            <file>file:/C:/Users/20161bsi0390/Documents/NetBeansProjects/RevisaoOO_ComercioEletronico/src/revisaooo_comercioeletronico/Pedido.java</file>
        </group>
        <group name="POO2">
            <file>file:/C:/Users/helle/Documents/GitHub/Revisao/RevisaoOO_ComercioEletronico/src/revisaooo_comercioeletronico/ClienteFisico.java</file>
            <file>file:/C:/Users/helle/Documents/GitHub/Revisao/RevisaoOO_ComercioEletronico/src/revisaooo_comercioeletronico/Produto.java</file>
            <file>file:/C:/Users/helle/Documents/GitHub/Revisao/RevisaoOO_ComercioEletronico/src/revisaooo_comercioeletronico/Pedido.java</file>
            <file>file:/C:/Users/helle/Documents/GitHub/Revisao/RevisaoOO_ComercioEletronico/src/revisaooo_comercioeletronico/ClienteJuridico.java</file>
            <file>file:/C:/Users/helle/Documents/GitHub/Revisao/RevisaoOO_ComercioEletronico/src/revisaooo_comercioeletronico/Cliente.java</file>
            <file>file:/C:/Users/helle/Documents/GitHub/Revisao/RevisaoOO_ComercioEletronico/src/revisaooo_comercioeletronico/ItemPedido.java</file>
        </group>
    </open-files>
</project-private>
